<?xml version="1.0" encoding="UTF-8"?>
<project-private xmlns="http://www.netbeans.org/ns/project-private/1">
    <editor-bookmarks xmlns="http://www.netbeans.org/ns/editor-bookmarks/2" lastBookmarkId="0"/>
    <open-files xmlns="http://www.netbeans.org/ns/projectui-open-files/2">
        <group>
            <file>file:/C:/Users/YongJae/Documents/NetBeansProjects/ElementaryBuilding_final/src/elementarybuilding_final/DBSaverAndLoader.java</file>
            <file>file:/C:/Users/YongJae/Documents/NetBeansProjects/ElementaryBuilding_final/src/elementarybuilding_final/Problem5.java</file>
            <file>file:/C:/Users/YongJae/Documents/NetBeansProjects/ElementaryBuilding_final/src/elementarybuilding_final/Problem.java</file>
            <file>file:/C:/Users/YongJae/Documents/NetBeansProjects/ElementaryBuilding_final/src/elementarybuilding_final/PrimitiveModuleStar.java</file>
            <file>file:/C:/Users/YongJae/Documents/NetBeansProjects/ElementaryBuilding_final/src/elementarybuilding_final/Problem2.java</file>
            <file>file:/C:/Users/YongJae/Documents/NetBeansProjects/ElementaryBuilding_final/src/elementarybuilding_final/PrimitiveModuleCircle.java</file>
            <file>file:/C:/Users/YongJae/Documents/NetBeansProjects/ElementaryBuilding_final/src/elementarybuilding_final/GameWindow.java</file>
            <file>file:/C:/Users/YongJae/Documents/NetBeansProjects/ElementaryBuilding_final/src/elementarybuilding_final/GameRunner.java</file>
            <file>file:/C:/Users/YongJae/Documents/NetBeansProjects/ElementaryBuilding_final/src/elementarybuilding_final/PrimitiveModuleInk.java</file>
            <file>file:/C:/Users/YongJae/Documents/NetBeansProjects/ElementaryBuilding_final/src/elementarybuilding_final/Problem8.java</file>
            <file>file:/C:/Users/YongJae/Documents/NetBeansProjects/ElementaryBuilding_final/src/elementarybuilding_final/Problem3.java</file>
            <file>file:/C:/Users/YongJae/Documents/NetBeansProjects/ElementaryBuilding_final/src/elementarybuilding_final/StopManager.java</file>
            <file>file:/C:/Users/YongJae/Documents/NetBeansProjects/ElementaryBuilding_final/src/elementarybuilding_final/QueueManager.java</file>
            <file>file:/C:/Users/YongJae/Documents/NetBeansProjects/ElementaryBuilding_final/src/elementarybuilding_final/Problem6.java</file>
            <file>file:/C:/Users/YongJae/Documents/NetBeansProjects/ElementaryBuilding_final/src/elementarybuilding_final/PrimitiveModuleTriangle.java</file>
            <file>file:/C:/Users/YongJae/Documents/NetBeansProjects/ElementaryBuilding_final/src/elementarybuilding_final/PrimitiveModuleMoveLeft.java</file>
            <file>file:/C:/Users/YongJae/Documents/NetBeansProjects/ElementaryBuilding_final/src/elementarybuilding_final/PrimitiveModuleMoveRight.java</file>
            <file>file:/C:/Users/YongJae/Documents/NetBeansProjects/ElementaryBuilding_final/src/elementarybuilding_final/Judge.java</file>
            <file>file:/C:/Users/YongJae/Documents/NetBeansProjects/ElementaryBuilding_final/src/elementarybuilding_final/Constants.java</file>
            <file>file:/C:/Users/YongJae/Documents/NetBeansProjects/ElementaryBuilding_final/src/elementarybuilding_final/Problem9.java</file>
            <file>file:/C:/Users/YongJae/Documents/NetBeansProjects/ElementaryBuilding_final/src/elementarybuilding_final/SoundManager.java</file>
            <file>file:/C:/Users/YongJae/Documents/NetBeansProjects/ElementaryBuilding_final/src/elementarybuilding_final/ContainerModule.java</file>
            <file>file:/C:/Users/YongJae/Documents/NetBeansProjects/ElementaryBuilding_final/src/elementarybuilding_final/Module.java</file>
            <file>file:/C:/Users/YongJae/Documents/NetBeansProjects/ElementaryBuilding_final/src/elementarybuilding_final/Problem10.java</file>
            <file>file:/C:/Users/YongJae/Documents/NetBeansProjects/ElementaryBuilding_final/src/elementarybuilding_final/PrimitiveModule.java</file>
            <file>file:/C:/Users/YongJae/Documents/NetBeansProjects/ElementaryBuilding_final/src/elementarybuilding_final/AnswerBoardManager.java</file>
            <file>file:/C:/Users/YongJae/Documents/NetBeansProjects/ElementaryBuilding_final/src/elementarybuilding_final/DB.java</file>
            <file>file:/C:/Users/YongJae/Documents/NetBeansProjects/ElementaryBuilding_final/src/elementarybuilding_final/UserBoardManager.java</file>
            <file>file:/C:/Users/YongJae/Documents/NetBeansProjects/ElementaryBuilding_final/src/elementarybuilding_final/PlayManager.java</file>
            <file>file:/C:/Users/YongJae/Documents/NetBeansProjects/ElementaryBuilding_final/src/elementarybuilding_final/SoundPlay.java</file>
            <file>file:/C:/Users/YongJae/Documents/NetBeansProjects/ElementaryBuilding_final/src/elementarybuilding_final/Problem4.java</file>
            <file>file:/C:/Users/YongJae/Documents/NetBeansProjects/ElementaryBuilding_final/src/elementarybuilding_final/PrimitiveModuleBox.java</file>
            <file>file:/C:/Users/YongJae/Documents/NetBeansProjects/ElementaryBuilding_final/src/elementarybuilding_final/Problem1.java</file>
            <file>file:/C:/Users/YongJae/Documents/NetBeansProjects/ElementaryBuilding_final/src/elementarybuilding_final/Problem7.java</file>
        </group>
    </open-files>
</project-private>
